{"total_flos":7.69230023503872e+14,"train_samples_per_second":3.642,"_timestamp":1.738019600363956e+09,"train/epoch":1.1333333333333333,"train/grad_norm":0.7365657091140747,"train_loss":1.0078119407097499,"train_runtime":131.7984,"_step":60,"train/global_step":60,"train_steps_per_second":0.455,"_wandb":{"runtime":105},"train/learning_rate":0,"train/loss":0.6155,"_runtime":104.836576296}